{
  "img_size": [
    1920,
    1200
  ],
  "markersX": 5,
  "markersY": 7,
  "markerLength": 0.02,
  "markerSeparation": 0.007,
  "dict": "DICT_4X4_50",
  "cam1_id": "267601CA2FC6",
  "cam2_id": "267601CA2FC7",
  "K1": [
    1681.5255512146973,
    0.0,
    948.8355280890713,
    0.0,
    1681.5255512146973,
    598.6701061344376,
    0.0,
    0.0,
    1.0
  ],
  "D1": [
    -0.09076345445911255,
    0.09979323997268216,
    -0.004265004153539919,
    -0.0005442152266125933,
    0.14138028017514967
  ],
  "K2": [
    1685.5605972080534,
    0.0,
    950.8911723825713,
    0.0,
    1685.5605972080534,
    606.758697946971,
    0.0,
    0.0,
    1.0
  ],
  "D2": [
    -0.07687455597026163,
    0.058552306698109305,
    -0.0045668209654324745,
    -0.0011887806714331172,
    0.18631099541372537
  ],
  "R": [
    0.9999743728225446,
    -0.0034188213259227053,
    0.0062901000707253005,
    0.0034211922413436213,
    0.9999940806506118,
    -0.0003662067522390315,
    -0.006288810841971042,
    0.0003877170089528751,
    0.9999801500698475
  ],
  "T": [
    0.06762967418487435,
    0.00014827931995829976,
    0.0002583604733062183
  ],
  "R1": [
    0.9999481491141596,
    -0.0012248226364128644,
    0.010109346797685659,
    0.0012267959472804949,
    0.9999992296254768,
    -0.00018899776824448657,
    -0.010109107520957665,
    0.00020139007422383757,
    0.9999488813870275
  ],
  "R2": [
    0.9999902995182531,
    0.0021924973521575846,
    0.0038201864817673735,
    -0.0021932429990422953,
    0.9999975765976843,
    0.0001910076059571476,
    -0.0038197584402483047,
    -0.00019938435034752222,
    0.9999926848189135
  ],
  "P1": [
    1639.6054182615142,
    0.0,
    933.2354278564453,
    0.0,
    0.0,
    1639.6054182615142,
    597.5397415161133,
    0.0,
    0.0,
    0.0,
    1.0,
    0.0
  ],
  "P2": [
    1639.6054182615142,
    0.0,
    933.2354278564453,
    110.88705588664246,
    0.0,
    1639.6054182615142,
    597.5397415161133,
    0.0,
    0.0,
    0.0,
    1.0,
    0.0
  ],
  "Q": [
    1.0,
    0.0,
    0.0,
    -933.2354278564453,
    0.0,
    1.0,
    0.0,
    -597.5397415161133,
    0.0,
    0.0,
    0.0,
    1639.6054182615142,
    0.0,
    0.0,
    -14.786265224118212,
    0.0
  ],
  "roi1": [
    27,
    17,
    1879,
    1170
  ],
  "roi2": [
    15,
    14,
    1870,
    1168
  ],
  "rms_cam1": 3.794951913826365,
  "rms_cam2": 3.474859875418568,
  "rms_stereo": 3.8113989742940975,
  "used_stereo_pairs": 14,
  "detect_max_width": 0,
  "min_points_per_view": 12,
  "stereo_flags": 256,
  "rectify_alpha": 1.0
}